AGED A/R REPORT SUMMARY,,,,,,Date:10/03/2024
CUST.#,NAME,A/R BALANCE,INV.AMT,PAYMENTS,DEB/CRED,FUTURES,CURRENT,1-30,31-60,61-90,OVER-90

01BA    ,BARRY'S APPLIANCE AND TV,52218.71,252898.85,200680.14, , , , , , ,52218.71,
02AD    ,AJAY DISC.APPL.AND VIDEO,38163.4,110410.31,72246.91, , , , , , ,38163.4,
03CO    ,COLONIAL TELEVISION     ,23257.16,78400.58,55143.42, , , , , , ,23257.16,
04BR    ,BRUBAKER INC.,38732.55,133847.22,95114.67, , , , , , ,38732.55,
05JO    ,APPLIANCE DRIVEN INC.,29598.51,67159.13,37560.62, , , , , , ,29598.51,
06NP    ,NEW PROVIDENCE ELECTRONI,61770.25,389893.93,328123.68, ,-805.35, , , , ,62575.6,
07BL    ,BETTER LIVING           ,48379.23,229455.96,181076.73, ,-29.84, , , , ,48409.07,
08AA    ,APPLIANCE ALLIANCE,42449.52,173274.21,130824.69, , , , , , ,42449.52,
09KF    ,KIEFFER'S APPLIANCE INC.,76011.48,921102.6,845091.12, ,-7898.61, , , , ,83910.09,
100A1   ,A-1 APPLIANCE SALES&SERV,27604.29,44942.9,17338.61, ,-498.65, , , , ,28102.94,
101MV   ,MIKE'S VIDEO TV AND APPL,56211.59,275251.83,219040.24, ,-631.05, , , , ,56842.64,
102SC   ,SCHULBERGER'S INC,31198.9,88534.3,57335.4, , , , , , ,31198.9,
103RA   ,RAY'S APPLIANCES,47095.91,304560.74,257464.83, , , , , , ,47095.91,
104YU   ,YUDIN'S INC.,59359.82,546180.29,486820.47, , , , , , ,59359.82,
105TG   ,TRIANGLE TV SRV ANS SALE,25812.54,54676.43,28863.89, ,-1038.76, , , , ,26851.3,
106RO   ,ROSENDAHL'S APPLIANCE,16226.22,85882.25,69656.03, , , , , , ,16226.22,
107MO   ,MORRISSEY TV AND APPL,42900.53,121940.38,79039.85, , , , , , ,42900.53,
108SQ   ,SQUIRES ELECTRONICS,42920.81,156372.78,113451.97, , , , , , ,42920.81,
109SL   ,SALTZER'S APPLIANCE,2957.23,2957.23, , ,-1000, , , , ,3957.23,
10MR    ,MRS G                   ,63505.59,388297.77,324792.18, , , , , , ,63505.59,
110KA   ,KASPER TV AND APPLIANCE,58629.77,191705.39,133075.62, ,-1491.24, , , , ,60121.01,
111AU   ,AUREL'S T.V. &APPLIANCES,29028.63,86876.31,57847.68, , , , , , ,29028.63,
112KR   ,KRISAY'S INC.,73920.71,215540.91,141620.2, ,-601, , , , ,74521.71,
113DS   ,DANIEL SHAFFER'S INC.,10752.65,47235.49,36482.84, , , , , , ,10752.65,
114BV   ,BILL VANDEGRIFT INC.,55391.42,198743.01,143351.59, , , , , , ,55391.42,
115DI   ,DIAMOND SUPPLY CO.,32946.8,80519.81,47573.01, , , , , , ,32946.8,
116BW   ,BROCKWAY APPLIANCE,9530.54,44046.18,34515.64, , , , , , ,9530.54,
117WH   ,ELK COUNTY WHA INC. DBA,17142.27,55862.44,38720.17, ,-520.69, , , , ,17662.96,
118AR   ,APPLIANCE REPLACEMENT,6595.79,97783.92,91188.13, , , , , , ,6595.79,
119MT   ,MARTIN APPLIANCE,89705.24,1569922.87,1480217.63, ,-6567.56, , , , ,96272.8,
11JE    ,JOHNSON'S ELECTRIC,22114.73,461224.86,439110.13, , , , , , ,22114.73,
121CA   ,CHARLOTTE APPLIANCE,147089.13,508951.95,361862.82, ,-12850.54, , , , ,159939.67,
122PC   ,DAVID'S SUPPLIES,10009.43,33025.61,23016.18, ,-5.97, , , , ,10015.4,
123BC   ,BIG CENTRIC HOME APPL,47073.48,234672.58,187599.1, , , , , , ,47073.48,
124NA   ,NATIONAL APPLIANCE WHSE,96319.67,597048.91,500729.24, , , , , , ,96319.67,
125DW   ,DELAWARE APPL DISTRIB,4170.42,33183.58,29013.16, , , , , , ,4170.42,
126HM   ,B AND H THE HOME MARKET,28705.36,76354.11,47648.75, ,-250, , , , ,28955.36,
127NF   ,N.F.LANDIS AND SON INC,54480.13,178782.74,124302.61, ,-150.47, , , , ,54630.6,
128LO   ,LONGACRE ELECTRICAL,7216.19,16434.26,9218.07, , , , , , ,7216.19,
129HH   ,H AND H FURN AND APPL,8306.05,46020.59,37714.54, , , , , , ,8306.05,
130PH   ,PETERS HOME APPLIANCE CT,17336.8,43492.06,26155.26, , , , , , ,17336.8,
131CM   ,COASTAL MAYTAG,103164.27,120303.07,17138.8, ,-59936.44, , , , ,163100.71,
132OB   ,OBERG AND LINQUIST,61897.5,429586.38,367688.88, ,-1508.58, , , , ,63406.08,
133FD   ,F AND D ENTERPRISES,14149.01,19906.34,5757.33, , , , , , ,14149.01,
134SS   ,S AND S APPLIANCE,42332.2,102513.59,60181.39, , , , , , ,42332.2,
135VA   ,AUDIO VIDEO APPL CENTER,4604.7,10173.29,14777.99, ,-13180.6, , , , ,8575.9,
136SY   ,DAVE'S TV AND APPLIANCE,13533.84,53028.21,39494.37, , , , , , ,13533.84,
137BT   ,BEITERS HOME CENTER,11707.82,273482.64,261774.82, , , , , , ,11707.82,
138PF   ,PARK FURNITURE STORE,42798.23,143998.2,101199.97, ,-455.44, , , , ,43253.67,
139HB   ,HOMETOWN BRAND CENTER,41255.31,166923.11,125667.8, , , , , , ,41255.31,
13AG    ,APPLIANCE GALLERY       ,64894.92,255902.74,191007.82, , , , , , ,64894.92,
140MU   ,MUNDEL'S APPLIANCE,8227.66,8874.69,395.4,251.63, , , , , ,8227.66,
141GN   ,GOCHNAUER HOME APPL. CT,41051.85,97013.99,55962.14, , , , , , ,41051.85,
142DY   ,DALYS APPLIANCE,50687.82,210245.48,159557.66, , , , , , ,50687.82,
143FI   ,FINCH SERVICES INC.,70.37,70.37, , , , , , , ,70.37,
144PS   ,PARKERS APPLIANCE,3339.45,76302.02,72962.57, , , , , , ,3339.45,
145AL   ,ALL MAKE APPLIANCE SALES,41888.12,265452.99,223564.87, ,-3767.25, , , , ,45655.37,
146DA   ,DAYS HOME FURN AND APPL,24664.5,80128.15,55463.65, , , , , , ,24664.5,
147HI   ,HIGHWAY APPLIANCE CO.,17397.81,39794.37,22396.56, , , , , , ,17397.81,
148FH   ,FRIEDHABER,12307.18,125327.77,113020.59, , , , , , ,12307.18,
149LA   ,LESHER'S APPLIANCE INC.,25288.61,72350.95,47062.34, , , , , , ,25288.61,
14CT    ,ADAM'S TV AND APPL. INC,29856.12,91988.63,62132.51, ,-1246, , , , ,31102.12,
150HW   ,HAWKINS AND SONS INC.,64521.64,213267.79,148746.15, , , , , , ,64521.64,
151RZ   ,ROZMAN BROTHERS INC.,32406.47,107149.66,74743.19, , , , , , ,32406.47,
152TA   ,TEATES APPLIANCE INC,41171.31,170332.07,129160.76, , , , , , ,41171.31,
153PP   ,PERLA'S APPLIANCE PLUS,48789.65,138976.38,90186.73, , , , , , ,48789.65,
154RP   ,RALPH'S APPLIANCE ,20868.32,38888.68,18020.36, ,-2876.77, , , , ,23745.09,
155AK   ,ALASKY'S APPLIANCE,40732.69,84229.79,43497.1, , , , , , ,40732.69,
156HR   ,HERALDS APPL & ELEC,30986.26,102466.01,71479.75, , , , , , ,30986.26,
157EC   ,ECKLEY TV & APPLIANCE ,34991.11,92776.56,57785.45, ,-1079.54, , , , ,36070.65,
159MD   ,THE APPLIANCE CONNECTION,12128.93,69422.81,57293.88, , , , , , ,12128.93,
15MN    ,MAINIERO'S INC,42840.23,197260,154419.77, ,-781.39, , , , ,43621.62,
160HV   ,HARTVILLE HARDWARE,48139.79,321680.85,273541.06, , , , , , ,48139.79,
161ME   ,MILLERSBURG ELECTRIC,35561.14,114272.4,78711.26, ,-2229.64, , , , ,37790.78,
162HP   ,HOME APPLIANCE SERVICE,22049.48,75138.82,53089.34, , , , , , ,22049.48,
163FK   ,FLICKS TV AND APPLIANCE,7662.19,56682.03,49019.84, , , , , , ,7662.19,
164BG   ,HOME APPL SLS AND SVC,32094.95,264206.55,232111.6, ,-3426.63, , , , ,35521.58,
165MG   ,MAGNUS DISTRIBUTION,2946.26,2946.26, , , , , , , ,2946.26,
166FC   ,FOCUS CAMERA,678.03,11217.74,10539.71, , , , , , ,678.03,
167PT   ,PATTENS APPLIANCE CENTER,2278.05,2393.37,115.32, ,-2496.03, , , , ,4774.08,
168BB   ,BLOOM BROTHERS SUPPLY,84067.56,472974.1,388906.54, , , , , , ,84067.56,
169GM   ,GOLD APPLIANCES,7100.67,20000.67,12900, ,-718.29, , , , ,7818.96,
16JA    ,JACOBSON APPLIANCES INC.,39850.88,179626.45,139775.57, , , , , , ,39850.88,
170EA   ,ELI APPLIANCE,35267.54,333984.19,298716.65, ,-12829.02, , , , ,48096.56,
171DL   ,DANIELS,32577.63,250064.96,217487.33, , , , , , ,32577.63,
172ER   ,EDWARDS KITCHEN APPL,356.11,659.82,1015.93, ,-3329.77, , , , ,2973.66,
173WO   ,WOOSTER APPLIANCE CTR,2256.34,93725.31,91468.97, , , , , , ,2256.34,
174SW   ,SKYLINE,4242.67,14433.57,10190.9, ,-380.85, , , , ,4623.52,
176AI   ,ALLIANCE APPL CENTER,3978.3,23182.68,19204.38, , , , , , ,3978.3,
177HN   ,HENDRICKS APPL AND TV,10448.02,159871.76,149423.74, , , , , , ,10448.02,
178SM   ,SMARTER APPLIANCE INC.,4601.62,60227.12,55625.5, , , , , , ,4601.62,
179AO   ,ALCO STORES INC.,4893.07,32845.55,27952.48, ,-33.88, , , , ,4926.95,
180DV   ,DELAWARE VALLEY APPL,47851.95,166518.22,118666.27, , , , , , ,47851.95,
181JM   ,JOHN'S MAYTAG HOME APPL,7307.06,30966.46,23659.4, , , , , , ,7307.06,
182BS   ,BAYSHORE APPLIANCE,3100.51,60781.43,57680.92, , , , , , ,3100.51,
183CB   ,CB JOE TV AND APPLIANCE,1359.9,12471.49,11111.59, , , , , , ,1359.9,
185PD   ,PARKSIDE APPLIANCE,2303.56,6662.42,4358.86, , , , , , ,2303.56,
186MI   ,MILLER REFRIGERATION INC,4089.94,18518.56,14428.62, ,-228.9, , , , ,4318.84,
187RB   ,R BROOKS AND SONS,18058.41,161201.56,143143.15, , , , , , ,18058.41,
188AS   ,APPLIANCE DISCOUNTERS,6712.17,-6712.17, , ,-9000, , , , ,2287.83,
189LH   ,L.H. BRUBAKER APPLIANCE,9046.81,210252.48,201205.67, , , , , , ,9046.81,
18DK    ,D AND K APPLIANCES INC.,59504.51,444521.53,385017.02, , , , , , ,59504.51,
190AA   ,AUTOMATIC APPL PARTS,22047.09,90531.69,68484.6, , , , , , ,22047.09,
191NO   ,NORDAM APPLIANCE,8713.31,28907.1,20193.79, , , , , , ,8713.31,
192AN   ,A.K. NAHAS,47534.29,360166.5,312632.21, ,-2770.14, , , , ,50304.43,
193AL   ,ALLSHOUSE APPLIANCE,52953.13,199065.98,146112.85, , , , , , ,52953.13,
194CR   ,CROSSROADS FURNITURE LLC,30832.6,69776.69,38944.09, , , , , , ,30832.6,
196GA   ,GROVE APPLIANCE,62385.23,174191.67,111806.44, , , , , , ,62385.23,
197RM   ,R.W. MCDONALD AND SONS,838.86,-838.86, , ,-5445.53, , , , ,4606.67,
198WF   ,WAYSIDE FURNITURE,29937.17,99511.97,69574.8, , , , , , ,29937.17,
199NS   ,NORTHSIDE TV AND APPL,2481.07,62465.06,59983.99, ,-1450.11, , , , ,3931.18,
19CW    ,CLARK'S SERVICE IS FIRST,34803.36,90096.98,55293.62, , , , , , ,34803.36,
200HA   ,HOME APPLIANCE COMPANY,51372.16,355374.07,304001.91, , , , , , ,51372.16,
201SC   ,SPROWLS CITY APPL AND TV,22381.5,86905.98,64524.48, , , , , , ,22381.5,
202RW   ,REESE WAREHOUSE,50228.59,120385.23,70156.64, , , , , , ,50228.59,
203JU   ,JUST CABINETS ,2307.34,3583.38,1874.4,4016.32,-2445.81, , , , ,138.47,
204OU   ,OUTTEN BROTHERS INC,1208.45,3153.35,1944.9, , , , , , ,1208.45,
206CW   ,CENTRAL WHOLESALERS INC.,15307.58,27642.89,12335.31, , , , , , ,15307.58,
207PA   ,PALUMBOS,5728.4,48327.23,42598.83, , , , , , ,5728.4,
208SK   ,SKY VIEW APPLIANCE,65290.42,233555.81,168265.39, , , , , , ,65290.42,
209HT   ,HITRONS TECH INC,39281.87,137258.91,97977.04, , , , , , ,39281.87,
20CR    ,CRAIG APPLIANCE,72906.58,140257.91,67351.33, , , , , , ,72906.58,
22BH    ,BETTER HOUSEKEEPING SHOP,61956.4,251919.85,189963.45, ,-16817.77, , , , ,78774.17,
23HA    ,HARVEY APPLIANCE INC.   ,54759.26,107647.66,52888.4, , , , , , ,54759.26,
24MA    ,MILES APPL SLS & SRC,2416.42,54069.69,51653.27, , , , , , ,2416.42,
25DO    ,DOM'S TV INC.,0,50.37,50.37, ,-500, , , , ,500,
260HV   ,HARTVILLE HARDWARE 2,597.29,18652.94,18055.65, , , , , , ,597.29,
26LE    ,LEHIGH SUPPLY INC,55773.64,153028.32,97254.68, , , , , , ,55773.64,
27NU    ,UNEEDA APPLIANCE CO.,48170.76,180944.73,132773.97, , , , , , ,48170.76,
280DV   ,CK SEIDMAN APPLIANCE,3609.44,110957.6,107348.16, ,-25.63, , , , ,3635.07,
28HA    ,HENLOPEN APPLIANCE,13132.38,110053.52,96921.14, ,-3318.47, , , , ,16450.85,
297RM   ,RW MCDONALD,158964.95,169964.95,11000, , , , , , ,158964.95,
29KE    ,KEYSTONE APPL. CO. INC. ,60.6,-60.6, , ,-241.28, , , , ,180.68,
30HE    ,HEIDLEBAUGH'S INC,26376.35,95631.89,69255.54, , , , , , ,26376.35,
31BK    ,B AND K APPLIANCE PARTS,75,14655.78,14580.78, , , , , , ,75,
32AW    ,APPLIANCE BROKERS,71881.79,547156.11,475274.32, ,-355.47, , , , ,72237.26,
33BY    ,BERGEY'S ELECTRIC INC.,15370.25,59626.25,44256, ,-302.08, , , , ,15672.33,
34SE    ,SEE MORE TV APPLIANCE CT,53854.68,667496.58,613641.9, ,-348.42, , , , ,54203.1,
36SH    ,SHORE APPLIANCE CONNECT,3831.73,-3831.73, , ,-3835.45, , , , ,3.72,
37RE    ,RENO'S TV INC.          ,55935.41,521962.4,466026.99, , , , , , ,55935.41,
38TH    ,THORNBERRY APPLIANCE TV ,51318.89,227836.18,176517.29, ,-7939.54, , , , ,59258.43,
39KL    ,KLECKNER AND SONS LLC,51338.73,275580.19,224241.46, , , , , , ,51338.73,
40MA    ,MATTERN'S RIDGE ,24936.78,122063.91,97127.13, , , , , , ,24936.78,
41DE    ,DERBY APPLIANCE STORES  ,44897.28,140098.56,95201.28, , , , , , ,44897.28,
42RD    ,RICHMOND DISCOUNT APPL  ,96516.24,304615.29,208099.05, , , , , , ,96516.24,
43ST    ,STADIUM APPLIANCE CENTER,533.2,-533.2, , ,-533.2, , , , , ,
44SD    ,STROUD TV AND APPLIANCE,18964.6,54275.7,35311.1, , , , , , ,18964.6,
45RG    ,ROGERS APPLIANCE INC.   ,42442.79,251746.22,209303.43, , , , , , ,42442.79,
46PL    ,AMERICAN APPLIANCE SVC,12387.86,76279.63,63891.77, , , , , , ,12387.86,
47ET    ,EATONTOWN TV            ,42519.53,224330.36,181810.83, ,-3926, , , , ,46445.53,
48HG    ,HH GREGG,7457.63,7457.63, , ,-1410.92, , , , ,8868.55,
49CI    ,EIGHT CICCOLINI BROTHERS,0, , , ,-68.1, , , , ,68.1,
50LU    ,LUSBYS APPL AND ELEC INC,6560.43,28885.1,22324.67, , , , , , ,6560.43,
51DS    ,D AND S APPLANCE INC.,38447,111256.87,72809.87, , , , , , ,38447,
52PQ    ,PEQUANNOCK APPLIANCE CO ,16396.52,57823.79,41427.27, ,-245, , , , ,16641.52,
53FL    ,FLICK BROTHERS ELECTRIC,39293.18,183399.6,144106.42, , , , , , ,39293.18,
56SA    ,SANATOGA CORP.          ,63978.65,211260.99,147282.34, ,-384.05, , , , ,64362.7,
57BE    ,BERGER APPLIANCE INC    ,73355.96,647207.52,573851.56, , , , , , ,73355.96,
58BO    ,BOTANY TV AND APPL INC,47176.3,214921.76,167745.46, ,-458.02, , , , ,47634.32,
59EL    ,ELM RADIO AND TV INC,25113.81,60013.54,34899.73, , , , , , ,25113.81,
60CU    ,CURTOS INCORPORATED     ,49555.18,207368.8,157813.62, , , , , , ,49555.18,
61DC    ,US LBM LLC.,49099.26,196407.43,147308.17, , , , , , ,49099.26,
62FR    ,FRED DECESARE'S VILLAGE ,65441.04,398305.6,332864.56, ,-9078.78, , , , ,74519.82,
63AB    ,A.B.C. SALES AND SERVICE,64417.93,411780.43,347362.5, , , , , , ,64417.93,
64GR    ,GRINGER AND SONS INC,66388.41,358495.56,292107.15, , , , , , ,66388.41,
65SI    ,SILVER CITY             ,253.89,253.89, , ,-1365.82, , , , ,1619.71,
66TR    ,TRIPODI'S ELECTRONICS   ,51767.19,159604.72,107837.53, , , , , , ,51767.19,
67VT    ,VOITEK TV SALES AND ,39199.92,352841.73,313641.81, ,-958.28, , , , ,40158.2,
68QU    ,QUEEN APPLIANCE WHOLESAL,61848.94,496002.7,434153.76, ,-1812.34, , , , ,63661.28,
69JC    ,JERSEY COAST APPLIANCE,21132.96,42544.53,21411.57, ,-330.58, , , , ,21463.54,
70YO    ,MIGHTY YOUNGS APPL LLC,28183,79886.44,51703.44, , , , , , ,28183,
71AL    ,ALBO APPLIANCE          ,84337.65,511878.6,427540.95, ,-368.69, , , , ,84706.34,
72BL    ,BLONDER'S DISCOUNT APPL.,55456.67,217056.08,161599.41, , , , , , ,55456.67,
73GC    ,GRAND CENTRAL TV AND APP,29979.97,105834.35,75854.38, , , , , , ,29979.97,
74RC    ,RAC ENTERPRISE INC.,79944.27,180567.27,100623, ,-103630.73, , , , ,183575,
75MS    ,MICHAELS SALES AND SVC,16836.55,37295.9,20459.35, , , , , , ,16836.55,
76PE    ,PETRILLO'S APPLIANCES   ,42800.84,177140.47,134339.63, , , , , , ,42800.84,
77RS    ,ROB STEVEN INC.         ,42448.32,161863.65,119415.33, , , , , , ,42448.32,
78WA    ,WAYFAIR LLC,21094.46,-2422.27,18672.19, ,-27808.56, , , , ,6714.1,
79EF    ,ELITE FACTORY AUTH SVC,1539.4,15773.82,14234.42, ,-2479, , , , ,4018.4,
80HF    ,HITCHNER'S FURNITURE,961.56,35664.11,34702.55, , , , , , ,961.56,
81AT    ,ATLANTIC APPLIANCE INC,61449.8,422862.13,361412.33, , , , , , ,61449.8,
82CL    ,CLARK'S TV AND APPLIANCE,50837.73,116788.35,65950.62, , , , , , ,50837.73,
83RL    ,RELIABLE HOME SUPPLY,16125.12,35873.3,19748.18, ,-669.87, , , , ,16794.99,
84HY    ,HAPPY HOME APPLIANCE ,13567.47,25505.13,11937.66, , , , , , ,13567.47,
86DN    ,DUNN & SEIBERT,25555.06,60093.59,34538.53, ,-302.2, , , , ,25857.26,
87KO    ,KOCH'S TV AND APPL INC.,37598.02,91643.91,54045.89, , , , , , ,37598.02,
88TE    ,TED'S APPLIANCE S&S LLC,5352.58,30269.7,24917.12, , , , , , ,5352.58,
89AR    ,ART HANDLERS APPL CENTER,67293.01,653744.07,586451.06, ,-1002.38, , , , ,68295.39,
90HH    ,H AND H APPLIANCES,68228.01,334171.38,265943.37, ,-1802.4, , , , ,70030.41,
91PY    ,E.A. PYLE AND CO.,3957.83,6425.47,2467.64, , , , , , ,3957.83,
92DU    ,DUNMORE APPLIANCE INC.,63281.03,288349.02,225067.99, , , , , , ,63281.03,
93AJ    ,A J APPLIANCE,48872.95,82596.1,33723.15, , , , , , ,48872.95,
94JB    ,J.B.HOSTETTER AND SONS,14693.71,65388.06,50694.35, , , , , , ,14693.71,
95AH    ,ANCHOR APPLIANCE INC,65970.98,393782.38,327811.4, , , , , , ,65970.98,
97ZI    ,J.B.ZIMMERMAN AND SONS,50258.47,199126.14,148867.67, , , , , , ,50258.47,
98CH    ,CABIN HILL MAYTAG,4349.49,31514.28,27164.79, , , , , , ,4349.49,
99CE    ,CARLISLE ELEC AND APPL ,41023.5,101685.57,60662.07, , , , , , ,41023.5,
ADC     ,Appliance Dealers Coop.,4629.82,4629.82, , ,-89.09, , , , ,4718.91,
EFC     ,ELECTROLUX FINANCIAL,302997.73,564431.55,257566.94,3866.88,-34517.47, , , , ,337515.2,
TRANS   ,FINANCED BY WELLS FARGO,1367530.92,5070748.01,3585305.33,117911.76,-17339.91, , , , ,1384870.83,
WFC     ,WHILPOOL FINANCE CORP   ,0, , , ,-13113.75, , , , ,13113.75,
TOTALS,,,0,38009457.44,29611109.35,126046.59,-423335.59, , , , ,8695637.09

DEALER & A/R OUT OF BALANCE LIST   DATE: 06:50 PM  10/03/2024
DEALER,NAME,CUST MC BAL,A/R BAL
01BA    ,BARRY'S APPLIANCE AND TV,47183.88 ,52218.71 
02AD    ,AJAY DISC.APPL.AND VIDEO,44723.97 ,38163.40 
03CO    ,COLONIAL TELEVISION     ,0.00 ,23257.16 
04BR    ,BRUBAKER INC.,36354.46 ,38732.55 
05JO    ,APPLIANCE DRIVEN INC.,33388.81 ,29598.51 
06NP    ,NEW PROVIDENCE ELECTRONI,75144.49 ,61770.25 
07BL    ,BETTER LIVING           ,52015.05 ,48379.23 
08AA    ,APPLIANCE ALLIANCE,30628.91 ,42449.52 
09KF    ,KIEFFER'S APPLIANCE INC.,43485.72-,76011.48 
100A1   ,A-1 APPLIANCE SALES&SERV,7515.45 ,27604.29 
101MV   ,MIKE'S VIDEO TV AND APPL,59971.86 ,56211.59 
102SC   ,SCHULBERGER'S INC,38614.66 ,31198.90 
103RA   ,RAY'S APPLIANCES,37073.32 ,47095.91 
104YU   ,YUDIN'S INC.,78652.25 ,59359.82 
105TG   ,TRIANGLE TV SRV ANS SALE,24550.06 ,25812.54 
106RO   ,ROSENDAHL'S APPLIANCE,6299.21 ,16226.22 
107MO   ,MORRISSEY TV AND APPL,53001.12 ,42900.53 
108SQ   ,SQUIRES ELECTRONICS,48454.32 ,42920.81 
109SL   ,SALTZER'S APPLIANCE,0.00 ,2957.23 
10MR    ,MRS G                   ,64656.56 ,63505.59 
110KA   ,KASPER TV AND APPLIANCE,44722.73 ,58629.77 
111AU   ,AUREL'S T.V. &APPLIANCES,39751.56-,29028.63 
112KR   ,KRISAY'S INC.,51934.70 ,73920.71 
113DS   ,DANIEL SHAFFER'S INC.,20977.78 ,10752.65 
114BV   ,BILL VANDEGRIFT INC.,55049.44 ,55391.42 
115DI   ,DIAMOND SUPPLY CO.,23742.00 ,32946.80 
116BW   ,BROCKWAY APPLIANCE,4169.24 ,9530.54 
117WH   ,ELK COUNTY WHA INC. DBA,4736.09 ,17142.27 
118AR   ,APPLIANCE REPLACEMENT,47915.83 ,6595.79 
119MT   ,MARTIN APPLIANCE,99870.81 ,89705.24 
11JE    ,JOHNSON'S ELECTRIC,38322.97 ,22114.73 
121CA   ,CHARLOTTE APPLIANCE,519060.37 ,147089.13 
122PC   ,DAVID'S SUPPLIES,13000.89 ,10009.43 
123BC   ,BIG CENTRIC HOME APPL,54204.66 ,47073.48 
124NA   ,NATIONAL APPLIANCE WHSE,73881.70 ,96319.67 
125DW   ,DELAWARE APPL DISTRIB,0.00 ,4170.42 
126HM   ,B AND H THE HOME MARKET,0.00 ,28705.36 
127NF   ,N.F.LANDIS AND SON INC,56671.41 ,54480.13 
128LO   ,LONGACRE ELECTRICAL,0.00 ,7216.19 
129HH   ,H AND H FURN AND APPL,3994.84 ,8306.05 
130PH   ,PETERS HOME APPLIANCE CT,12549.36 ,17336.80 
131CM   ,COASTAL MAYTAG,0.00 ,103164.27 
132OB   ,OBERG AND LINQUIST,71553.35 ,61897.50 
133FD   ,F AND D ENTERPRISES,21297.72 ,14149.01 
134SS   ,S AND S APPLIANCE,102208.43 ,42332.20 
135VA   ,AUDIO VIDEO APPL CENTER,96093.56-,4604.70-
136SY   ,DAVE'S TV AND APPLIANCE,2640.89 ,13533.84 
137BT   ,BEITERS HOME CENTER,9184.62 ,11707.82 
138PF   ,PARK FURNITURE STORE,47416.17 ,42798.23 
139HB   ,HOMETOWN BRAND CENTER,41693.58 ,41255.31 
13AG    ,APPLIANCE GALLERY       ,51665.38 ,64894.92 
140MU   ,MUNDEL'S APPLIANCE,0.00 ,8227.66 
141GN   ,GOCHNAUER HOME APPL. CT,15927.09 ,41051.85 
142DY   ,DALYS APPLIANCE,51964.93 ,50687.82 
143FI   ,FINCH SERVICES INC.,0.00 ,70.37 
144PS   ,PARKERS APPLIANCE,13533.26 ,3339.45 
145AL   ,ALL MAKE APPLIANCE SALES,64864.19 ,41888.12 
146DA   ,DAYS HOME FURN AND APPL,0.00 ,24664.50 
147HI   ,HIGHWAY APPLIANCE CO.,32008.12 ,17397.81 
148FH   ,FRIEDHABER,23260.39 ,12307.18 
149LA   ,LESHER'S APPLIANCE INC.,20132.91 ,25288.61 
14CT    ,ADAM'S TV AND APPL. INC,19297.32 ,29856.12 
150HW   ,HAWKINS AND SONS INC.,51946.66 ,64521.64 
151RZ   ,ROZMAN BROTHERS INC.,48334.74 ,32406.47 
152TA   ,TEATES APPLIANCE INC,55287.32 ,41171.31 
153PP   ,PERLA'S APPLIANCE PLUS,30014.14 ,48789.65 
154RP   ,RALPH'S APPLIANCE ,0.00 ,20868.32 
155AK   ,ALASKY'S APPLIANCE,18897.36 ,40732.69 
156HR   ,HERALDS APPL & ELEC,19686.47 ,30986.26 
157EC   ,ECKLEY TV & APPLIANCE ,43045.88 ,34991.11 
159MD   ,THE APPLIANCE CONNECTION,30017.04 ,12128.93 
15MN    ,MAINIERO'S INC,54871.95 ,42840.23 
160HV   ,HARTVILLE HARDWARE,55635.35 ,48139.79 
161ME   ,MILLERSBURG ELECTRIC,62327.54 ,35561.14 
162HP   ,HOME APPLIANCE SERVICE,26888.42 ,22049.48 
163FK   ,FLICKS TV AND APPLIANCE,8925.66 ,7662.19 
164BG   ,HOME APPL SLS AND SVC,10111.03 ,32094.95 
165MG   ,MAGNUS DISTRIBUTION,530.00 ,2946.26 
166FC   ,FOCUS CAMERA,51104.36 ,678.03 
167PT   ,PATTENS APPLIANCE CENTER,0.00 ,2278.05 
168BB   ,BLOOM BROTHERS SUPPLY,50464.34 ,84067.56 
169GM   ,GOLD APPLIANCES,10334.84 ,7100.67 
16JA    ,JACOBSON APPLIANCES INC.,43236.46 ,39850.88 
170EA   ,ELI APPLIANCE,83071.89 ,35267.54 
171DL   ,DANIELS,225753.13 ,32577.63 
172ER   ,EDWARDS KITCHEN APPL,23387.48 ,356.11-
173WO   ,WOOSTER APPLIANCE CTR,10164.80 ,2256.34 
174SW   ,SKYLINE,63133.03 ,4242.67 
176AI   ,ALLIANCE APPL CENTER,530.00 ,3978.30 
177HN   ,HENDRICKS APPL AND TV,22082.21 ,10448.02 
178SM   ,SMARTER APPLIANCE INC.,31982.17 ,4601.62 
179AO   ,ALCO STORES INC.,3240.46 ,4893.07 
180DV   ,DELAWARE VALLEY APPL,50360.71 ,47851.95 
181JM   ,JOHN'S MAYTAG HOME APPL,4708.60 ,7307.06 
182BS   ,BAYSHORE APPLIANCE,11355.87 ,3100.51 
183CB   ,CB JOE TV AND APPLIANCE,1247.70 ,1359.90 
185PD   ,PARKSIDE APPLIANCE,989.59 ,2303.56 
186MI   ,MILLER REFRIGERATION INC,21230.26 ,4089.94 
187RB   ,R BROOKS AND SONS,9558.41 ,18058.41 
188AS   ,APPLIANCE DISCOUNTERS,0.00 ,6712.17-
189LH   ,L.H. BRUBAKER APPLIANCE,0.00 ,9046.81 
18DK    ,D AND K APPLIANCES INC.,94894.22 ,59504.51 
190AA   ,AUTOMATIC APPL PARTS,42447.18 ,22047.09 
191NO   ,NORDAM APPLIANCE,9014.52 ,8713.31 
192AN   ,A.K. NAHAS,52457.52 ,47534.29 
193AL   ,ALLSHOUSE APPLIANCE,50133.87 ,52953.13 
194CR   ,CROSSROADS FURNITURE LLC,0.00 ,30832.60 
196GA   ,GROVE APPLIANCE,76203.16 ,62385.23 
197RM   ,R.W. MCDONALD AND SONS,827.80 ,838.86-
198WF   ,WAYSIDE FURNITURE,32150.54 ,29937.17 
199NS   ,NORTHSIDE TV AND APPL,15824.41 ,2481.07 
19CW    ,CLARK'S SERVICE IS FIRST,23972.40 ,34803.36 
200HA   ,HOME APPLIANCE COMPANY,79196.77 ,51372.16 
201SC   ,SPROWLS CITY APPL AND TV,8335.22 ,22381.50 
202RW   ,REESE WAREHOUSE,37228.41 ,50228.59 
203JU   ,JUST CABINETS ,0.00 ,2307.34-
204OU   ,OUTTEN BROTHERS INC,604.95 ,1208.45 
206CW   ,CENTRAL WHOLESALERS INC.,0.00 ,15307.58 
207PA   ,PALUMBOS,7456.19 ,5728.40 
208SK   ,SKY VIEW APPLIANCE,51748.94 ,65290.42 
209HT   ,HITRONS TECH INC,32134.24 ,39281.87 
20CR    ,CRAIG APPLIANCE,51299.21 ,72906.58 
22BH    ,BETTER HOUSEKEEPING SHOP,72519.81 ,61956.40 
23HA    ,HARVEY APPLIANCE INC.   ,49923.84 ,54759.26 
24MA    ,MILES APPL SLS & SRC,45983.46 ,2416.42 
260HV   ,HARTVILLE HARDWARE 2,0.00 ,597.29 
26LE    ,LEHIGH SUPPLY INC,28038.63 ,55773.64 
27NU    ,UNEEDA APPLIANCE CO.,53721.98 ,48170.76 
280DV   ,CK SEIDMAN APPLIANCE,5536.51 ,3609.44 
28HA    ,HENLOPEN APPLIANCE,0.00 ,13132.38 
297RM   ,RW MCDONALD,0.00 ,158964.95 
29KE    ,KEYSTONE APPL. CO. INC. ,0.00 ,60.60-
30HE    ,HEIDLEBAUGH'S INC,35961.59 ,26376.35 
31BK    ,B AND K APPLIANCE PARTS,5799.98 ,75.00 
32AW    ,APPLIANCE BROKERS,11391.07 ,71881.79 
33BY    ,BERGEY'S ELECTRIC INC.,23601.05 ,15370.25 
34SE    ,SEE MORE TV APPLIANCE CT,72208.40 ,53854.68 
36SH    ,SHORE APPLIANCE CONNECT,0.00 ,3831.73-
37RE    ,RENO'S TV INC.          ,49277.19 ,55935.41 
38TH    ,THORNBERRY APPLIANCE TV ,35587.87 ,51318.89 
39KL    ,KLECKNER AND SONS LLC,44277.80 ,51338.73 
40MA    ,MATTERN'S RIDGE ,29834.69 ,24936.78 
41DE    ,DERBY APPLIANCE STORES  ,0.00 ,44897.28 
42RD    ,RICHMOND DISCOUNT APPL  ,66774.53 ,96516.24 
43ST    ,STADIUM APPLIANCE CENTER,0.00 ,533.20-
44SD    ,STROUD TV AND APPLIANCE,26771.60 ,18964.60 
45RG    ,ROGERS APPLIANCE INC.   ,49993.96 ,42442.79 
46PL    ,AMERICAN APPLIANCE SVC,5077.16 ,12387.86 
47ET    ,EATONTOWN TV            ,48808.71 ,42519.53 
48HG    ,HH GREGG,0.00 ,7457.63 
50LU    ,LUSBYS APPL AND ELEC INC,1621.01 ,6560.43 
51DS    ,D AND S APPLANCE INC.,0.00 ,38447.00 
52PQ    ,PEQUANNOCK APPLIANCE CO ,24049.84 ,16396.52 
53FL    ,FLICK BROTHERS ELECTRIC,47253.79 ,39293.18 
56SA    ,SANATOGA CORP.          ,58491.66 ,63978.65 
57BE    ,BERGER APPLIANCE INC    ,77080.24 ,73355.96 
58BO    ,BOTANY TV AND APPL INC,80758.80 ,47176.30 
59EL    ,ELM RADIO AND TV INC,28108.55 ,25113.81 
60CU    ,CURTOS INCORPORATED     ,52802.17 ,49555.18 
61DC    ,US LBM LLC.,4259.53 ,49099.26 
62FR    ,FRED DECESARE'S VILLAGE ,57116.52 ,65441.04 
63AB    ,A.B.C. SALES AND SERVICE,54140.87 ,64417.93 
64GR    ,GRINGER AND SONS INC,56319.21 ,66388.41 
65SI    ,SILVER CITY             ,0.00 ,253.89 
66TR    ,TRIPODI'S ELECTRONICS   ,43036.63 ,51767.19 
67VT    ,VOITEK TV SALES AND ,68601.39 ,39199.92 
68QU    ,QUEEN APPLIANCE WHOLESAL,801838.14 ,61848.94 
69JC    ,JERSEY COAST APPLIANCE,23658.02 ,21132.96 
70YO    ,MIGHTY YOUNGS APPL LLC,8716.66 ,28183.00 
71AL    ,ALBO APPLIANCE          ,64589.95 ,84337.65 
72BL    ,BLONDER'S DISCOUNT APPL.,51676.03 ,55456.67 
73GC    ,GRAND CENTRAL TV AND APP,20556.39 ,29979.97 
74RC    ,RAC ENTERPRISE INC.,4884.24-,79944.27 
75MS    ,MICHAELS SALES AND SVC,16796.71 ,16836.55 
76PE    ,PETRILLO'S APPLIANCES   ,55954.23 ,42800.84 
77RS    ,ROB STEVEN INC.         ,75281.89 ,42448.32 
78WA    ,WAYFAIR LLC,0.00 ,21094.46-
79EF    ,ELITE FACTORY AUTH SVC,0.00 ,1539.40 
80HF    ,HITCHNER'S FURNITURE,1949.95 ,961.56 
81AT    ,ATLANTIC APPLIANCE INC,77755.16 ,61449.80 
82CL    ,CLARK'S TV AND APPLIANCE,40314.34 ,50837.73 
83RL    ,RELIABLE HOME SUPPLY,21216.36 ,16125.12 
84HY    ,HAPPY HOME APPLIANCE ,20909.37 ,13567.47 
86DN    ,DUNN & SEIBERT,0.00 ,25555.06 
87KO    ,KOCH'S TV AND APPL INC.,28502.02 ,37598.02 
88TE    ,TED'S APPLIANCE S&S LLC,20459.25 ,5352.58 
89AR    ,ART HANDLERS APPL CENTER,41962.33 ,67293.01 
90HH    ,H AND H APPLIANCES,53773.73 ,68228.01 
91PY    ,E.A. PYLE AND CO.,0.00 ,3957.83 
92DU    ,DUNMORE APPLIANCE INC.,64697.45 ,63281.03 
93AJ    ,A J APPLIANCE,10513.76 ,48872.95 
94JB    ,J.B.HOSTETTER AND SONS,4542.65-,14693.71 
95AH    ,ANCHOR APPLIANCE INC,99102.88 ,65970.98 
97ZI    ,J.B.ZIMMERMAN AND SONS,47348.18 ,50258.47 
98CH    ,CABIN HILL MAYTAG,19596.26 ,4349.49 
99CE    ,CARLISLE ELEC AND APPL ,85.43 ,41023.50 
ADC     ,Appliance Dealers Coop.,115878.16 ,4629.82 
EFC     ,ELECTROLUX FINANCIAL,145433.59 ,302997.73 
TRANS   ,FINANCED BY WELLS FARGO,2764670.02 ,1367530.92 
TOTALS,,10271275.54 ,8272301.50 ,1998974.04-
